Noah,Miller,34,EMP91,Analyst
Sophia,Jones,29,EMP92,Manager
Liam,Williams,41,EMP93,Developer
Ava,Smith,26,EMP94,Designer
James,Robinson,35,EMP95,Developer
Mia,Hernandez,33,EMP96,Designer
Oliver,Brown,49,EMP97,Analyst
Emily,Johnson,30,EMP98,Manager
William,Lopez,28,EMP99,Developer
Emma,Adams,52,EMP100,Designer
Benjamin,Hernandez,35,EMP81,Developer
Emily,Garcia,31,EMP82,Designer
Sophia,Smith,47,EMP83,Analyst
Mia,Johnson,29,EMP84,Manager
Oliver,Anderson,39,EMP85,Developer
Ava,Brown,32,EMP86,Designer
Liam,Williams,51,EMP87,Analyst
William,Lopez,27,EMP88,Manager
James,Moore,30,EMP89,Developer
Emma,Hall,46,EMP90,Designer
Oliver,Johnson,38,EMP71,Analyst
Sophia,Robinson,29,EMP72,Manager
Liam,Hall,31,EMP73,Developer
Emma,Lee,44,EMP74,Designer
Ava,Williams,26,EMP75,Developer
Noah,Miller,33,EMP76,Designer
Isabella,Smith,37,EMP77,Analyst
James,White,50,EMP78,Manager
Mia,Johnson,28,EMP79,Developer
William,Davis,42,EMP80,Designer
Lucas,Smith,34,EMP61,Developer
Olivia,Garcia,29,EMP62,Designer
Liam,Johnson,48,EMP63,Analyst
Sophia,Williams,33,EMP64,Manager
Aiden,Anderson,41,EMP65,Developer
Emma,Lopez,27,EMP66,Designer
Mia,Brown,36,EMP67,Analyst
William,Hall,52,EMP68,Manager
James,Moore,30,EMP69,Developer
Emily,Clark,45,EMP70,Designer
Emily,Johnson,37,EMP51,Analyst
Noah,Brown,29,EMP52,Manager
Oliver,Williams,31,EMP53,Developer
Sophia,Moore,43,EMP54,Designer
Mia,Hall,28,EMP55,Analyst
William,Lopez,30,EMP56,Developer
Ava,Davis,50,EMP57,Designer
James,Anderson,32,EMP58,Manager
Benjamin,Martinez,39,EMP59,Developer
Emma,Clark,47,EMP60,Designer
Aiden,Anderson,29,EMP41,Developer
Olivia,White,45,EMP42,Analyst
Emma,Martin,31,EMP43,Designer
Mia,Lopez,26,EMP44,Manager
James,Williams,38,EMP45,Developer
Sophia,Miller,34,EMP46,Designer
William,Young,42,EMP47,Analyst
Liam,Jones,30,EMP48,Manager
Benjamin,Garcia,27,EMP49,Developer
Ava,Smith,52,EMP50,Designer
Emily,Martinez,30,EMP31,Developer
Liam,Clark,46,EMP32,Analyst
Emma,Perez,29,EMP33,Manager
Michael,Smith,39,EMP34,Designer
Sophia,Davis,28,EMP35,Analyst
Oliver,Hernandez,37,EMP36,Developer
Isabella,Johnson,33,EMP37,Designer
Ava,Garcia,48,EMP38,Manager
William,Adams,27,EMP39,Developer
Lucas,Moore,40,EMP40,Designer
Lucas,Lewis,37,EMP21,Designer
Liam,Hall,30,EMP22,Analyst
Emma,Adams,26,EMP23,Developer
Olivia,Young,42,EMP24,Manager
Sophia,Brown,33,EMP25,Developer
Benjamin,Bailey,44,EMP26,Designer
Mia,Campbell,31,EMP27,Analyst
James,Miller,35,EMP28,Manager
William,Johnson,29,EMP29,Developer
Ava,Scott,51,EMP30,Designer
Benjamin,Moore,25,EMP11,Developer
Mia,Hall,31,EMP12,Designer
Liam,Lee,50,EMP13,Manager
Isabella,Martinez,29,EMP14,Developer
Emma,Thompson,43,EMP15,Analyst
Noah,White,34,EMP16,Designer
Aiden,King,39,EMP17,Developer
Oliver,Gonzalez,28,EMP18,Analyst
Sophia,Robinson,47,EMP19,Manager
Amelia,Hernandez,32,EMP20,Developer
John,Smith,30,EMP1,Manager
Jane,Johnson,45,EMP2,Developer
Michael,Williams,38,EMP3,Designer
Emily,Brown,27,EMP4,Analyst
William,Jones,52,EMP5,Manager
Olivia,Miller,33,EMP6,Developer
Ethan,Anderson,29,EMP7,Developer
Ava,Garcia,41,EMP8,Manager
Sophia,Lopez,36,EMP9,Designer
James,Wilson,48,EMP10,Analyst